material number,plant code,revision level,description,quantity,base unit,color
PN999,P01,A,Bracket,1,EA,Silver
PN1001,P01,A,Bracket,1,EA,Silver
PN1002,P02,B,Bolt,3,EA,Zinc
PN1003,P03,C,Washer,3,EA,Steel
PN1004,P01,A,Nut,4,EA,Black
PN1005,P02,B,Screw,5,EA,Gray
PN1006,P03,C,Pin,6,EA,Natural
PN1007,P01,A,Clip,7,EA,Brass
PN1008,P02,B,Gasket,8,EA,Chrome
PN1009,P03,C,Seal,9,EA,Silver
PN1010,P01,A,Bushing,10,EA,Zinc
PN1011,P02,B,Spacer,11,EA,Steel
PN1012,P03,C,Shim,12,EA,Black
PN1013,P01,A,Plate,13,EA,Gray
PN1014,P02,B,Cover,14,EA,Natural
PN1015,P03,C,Housing,15,EA,Brass
PN1016,P01,A,Shaft,16,EA,Chrome
PN1017,P02,B,Gear,17,EA,Silver
PN1018,P03,C,Bearing,18,EA,Zinc
PN1019,P01,A,Spring,19,EA,Steel
PN1020,P02,B,Grommet,20,EA,Black
PN1021,P03,C,Plug,21,EA,Gray
PN1022,P01,A,Cap,22,EA,Natural
PN1023,P02,B,Filter,23,EA,Brass
PN1024,P03,C,Valve,24,EA,Chrome
PN1025,P01,A,Bracket,25,EA,Silver
PN1026,P02,B,Bolt,26,EA,Zinc
PN1027,P03,C,Washer,27,EA,Steel
PN1028,P01,A,Nut,28,EA,Black
PN1029,P02,B,Screw,29,EA,Gray
PN1030,P03,C,Pin,30,EA,Natural
PN1031,P01,A,Clip,31,EA,Brass
PN1032,P02,B,Gasket,32,EA,Chrome
PN1033,P03,C,Seal,33,EA,Silver
PN1034,P01,A,Bushing,34,EA,Zinc
PN1035,P02,B,Spacer,35,EA,Steel
PN1036,P03,C,Shim,36,EA,Black
PN1037,P01,A,Plate,37,EA,Gray
PN1038,P02,B,Cover,38,EA,Natural
PN1039,P03,C,Housing,39,EA,Brass
PN1040,P01,A,Shaft,40,EA,Chrome
PN1041,P02,B,Gear,41,EA,Silver
PN1042,P03,C,Bearing,42,EA,Zinc
PN1043,P01,A,Spring,43,EA,Steel
PN1044,P02,B,Grommet,44,EA,Black
PN1045,P03,C,Plug,45,EA,Gray
PN1046,P01,A,Cap,46,EA,Natural
PN1047,P02,B,Filter,47,EA,Brass
PN1048,P03,C,Valve,48,EA,Chrome
PN1049,P01,A,Bracket,49,EA,Silver
PN1050,P02,B,Bolt,50,EA,Zinc
PN1051,P03,C,Washer,51,EA,Steel
PN1052,P01,A,Nut,52,EA,Black
PN1053,P02,B,Screw,53,EA,Gray
PN1054,P03,C,Pin,54,EA,Natural
PN1055,P01,A,Clip,55,EA,Brass
PN1056,P02,B,Gasket,56,EA,Chrome
PN1057,P03,C,Seal,57,EA,Silver
PN1058,P01,A,Bushing,58,EA,Zinc
PN1059,P02,B,Spacer,59,EA,Steel
PN1060,P03,C,Shim,60,EA,Black
PN1061,P01,A,Plate,61,EA,Gray
PN1062,P02,B,Cover,62,EA,Natural
PN1063,P03,C,Housing,63,EA,Brass
PN1064,P01,A,Shaft,64,EA,Chrome
PN1065,P02,B,Gear,65,EA,Silver
PN1066,P03,C,Bearing,66,EA,Zinc
PN1067,P01,A,Spring,67,EA,Steel
PN1068,P02,B,Grommet,68,EA,Black
PN1069,P03,C,Plug,69,EA,Gray
PN1070,P01,A,Cap,70,EA,Natural
PN1071,P02,B,Filter,71,EA,Brass
PN1072,P03,C,Valve,72,EA,Chrome
PN1073,P01,A,Bracket,73,EA,Silver
PN1074,P02,B,Bolt,74,EA,Zinc
PN1075,P03,C,Washer,75,EA,Steel
PN1076,P01,A,Nut,76,EA,Black
PN1077,P02,B,Screw,77,EA,Gray
PN1078,P03,C,Pin,78,EA,Natural
PN1079,P01,A,Clip,79,EA,Brass
PN1080,P02,B,Gasket,80,EA,Chrome
PN1081,P03,C,Seal,81,EA,Silver
PN1082,P01,A,Bushing,82,EA,Zinc
PN1083,P02,B,Spacer,83,EA,Steel
PN1084,P03,C,Shim,84,EA,Black
PN1085,P01,A,Plate,85,EA,Gray
PN1086,P02,B,Cover,86,EA,Natural
PN1087,P03,C,Housing,87,EA,Brass
PN1088,P01,A,Shaft,88,EA,Chrome
PN1089,P02,B,Gear,89,EA,Silver
PN1090,P03,C,Bearing,90,EA,Zinc
PN1091,P01,A,Spring,91,EA,Steel
PN1092,P02,B,Grommet,92,EA,Black
PN1093,P03,C,Plug,93,EA,Gray
PN1094,P01,A,Cap,94,EA,Natural
PN1095,P02,B,Filter,95,EA,Brass
PN1096,P03,C,Valve,96,EA,Chrome
PN1097,P01,A,Bracket,97,EA,Silver
PN1098,P02,B,Bolt,98,EA,Zinc
PN1099,P03,C,Washer,99,EA,Steel
PN1100,P01,A,Nut,1,EA,Black
PN1101,P02,B,Screw,3,EA,Gray
PN1102,P03,C,Pin,3,EA,Natural
PN1103,P01,A,Clip,4,EA,Brass
PN1104,P02,B,Gasket,5,EA,Chrome
PN1105,P03,C,Seal,6,EA,Silver
PN1106,P01,A,Bushing,7,EA,Zinc
PN1107,P02,B,Spacer,8,EA,Steel
PN1108,P03,C,Shim,9,EA,Black
PN1109,P01,A,Plate,10,EA,Gray
PN1110,P02,B,Cover,11,EA,Natural
PN1111,P03,C,Housing,12,EA,Brass
PN1112,P01,A,Shaft,13,EA,Chrome
PN1113,P02,B,Gear,14,EA,Silver
PN1114,P03,C,Bearing,15,EA,Zinc
PN1115,P01,A,Spring,16,EA,Steel
PN1116,P02,B,Grommet,17,EA,Black
PN1117,P03,C,Plug,18,EA,Gray
PN1118,P01,A,Cap,19,EA,Natural
PN1119,P02,B,Filter,20,EA,Brass
PN1120,P03,C,Valve,21,EA,Chrome
PN1121,P01,A,Bracket,22,EA,Silver
PN1122,P02,B,Bolt,23,EA,Zinc
PN1123,P03,C,Washer,24,EA,Steel
PN1124,P01,A,Nut,25,EA,Black
PN1125,P02,B,Screw,26,EA,Gray
PN1126,P03,C,Pin,27,EA,Natural
PN1127,P01,A,Clip,28,EA,Brass
PN1128,P02,B,Gasket,29,EA,Chrome
PN1129,P03,C,Seal,30,EA,Silver
PN1130,P01,A,Bushing,31,EA,Zinc
PN1131,P02,B,Spacer,32,EA,Steel
PN1132,P03,C,Shim,33,EA,Black
PN1133,P01,A,Plate,34,EA,Gray
PN1134,P02,B,Cover,35,EA,Natural
PN1135,P03,C,Housing,36,EA,Brass
PN1136,P01,A,Shaft,37,EA,Chrome
PN1137,P02,B,Gear,38,EA,Silver
PN1138,P03,C,Bearing,39,EA,Zinc
PN1139,P01,A,Spring,40,EA,Steel
PN1140,P02,B,Grommet,41,EA,Black
PN1141,P03,C,Plug,42,EA,Gray
PN1142,P01,A,Cap,43,EA,Natural
PN1143,P02,B,Filter,44,EA,Brass
PN1144,P03,C,Valve,45,EA,Chrome
PN1145,P01,A,Bracket,46,EA,Silver
PN1146,P02,B,Bolt,47,EA,Zinc
PN1147,P03,C,Washer,48,EA,Steel
PN1148,P01,A,Nut,49,EA,Black
PN1149,P02,B,Screw,50,EA,Gray
PN1150,P03,C,Pin,51,EA,Natural
PN1151,P01,A,Clip,52,EA,Brass
PN1152,P02,B,Gasket,53,EA,Chrome
PN1153,P03,C,Seal,54,EA,Silver
PN1154,P01,A,Bushing,55,EA,Zinc
PN1155,P02,B,Spacer,56,EA,Steel
PN1156,P03,C,Shim,57,EA,Black
PN1157,P01,A,Plate,58,EA,Gray
PN1158,P02,B,Cover,59,EA,Natural
PN1159,P03,C,Housing,60,EA,Brass
PN1160,P01,A,Shaft,61,EA,Chrome
PN1161,P02,B,Gear,62,EA,Silver
PN1162,P03,C,Bearing,63,EA,Zinc
PN1163,P01,A,Spring,64,EA,Steel
PN1164,P02,B,Grommet,65,EA,Black
PN1165,P03,C,Plug,66,EA,Gray
PN1166,P01,A,Cap,67,EA,Natural
PN1167,P02,B,Filter,68,EA,Brass
PN1168,P03,C,Valve,69,EA,Chrome
PN1169,P01,A,Bracket,70,EA,Silver
PN1170,P02,B,Bolt,71,EA,Zinc
PN1171,P03,C,Washer,72,EA,Steel
PN1172,P01,A,Nut,73,EA,Black
PN1173,P02,B,Screw,74,EA,Gray
PN1174,P03,C,Pin,75,EA,Natural
PN1175,P01,A,Clip,76,EA,Brass
PN1176,P02,B,Gasket,77,EA,Chrome
PN1177,P03,C,Seal,78,EA,Silver
PN1178,P01,A,Bushing,79,EA,Zinc
PN1179,P02,B,Spacer,80,EA,Steel
PN1180,P03,C,Shim,81,EA,Black
PN1181,P01,A,Plate,82,EA,Gray
PN1182,P02,B,Cover,83,EA,Natural
PN1183,P03,C,Housing,84,EA,Brass
PN1184,P01,A,Shaft,85,EA,Chrome
PN1185,P02,B,Gear,86,EA,Silver
PN1186,P03,C,Bearing,87,EA,Zinc
PN1187,P01,A,Spring,88,EA,Steel
PN1188,P02,B,Grommet,89,EA,Black
PN1189,P03,C,Plug,90,EA,Gray
PN1190,P01,A,Cap,91,EA,Natural
PN1191,P02,B,Filter,92,EA,Brass
PN1192,P03,C,Valve,93,EA,Chrome
PN1193,P01,A,Bracket,94,EA,Silver
PN1194,P02,B,Bolt,95,EA,Zinc
PN1195,P03,C,Washer,96,EA,Steel
PN1196,P01,A,Nut,97,EA,Black
PN1197,P02,B,Screw,98,EA,Gray
PN1198,P03,C,Pin,99,EA,Natural
PN1199,P01,A,Clip,1,EA,Brass
PN1200,P02,B,Gasket,2,EA,Chrome
PN1201,P03,C,Seal,3,EA,Silver
PN1202,P01,A,Bushing,4,EA,Zinc
PN1203,P02,B,Spacer,5,EA,Steel
PN1204,P03,C,Shim,6,EA,Black
PN1205,P01,A,Plate,7,EA,Gray
PN1206,P02,B,Cover,8,EA,Natural
PN1207,P03,C,Housing,9,EA,Brass
PN1208,P01,A,Shaft,10,EA,Chrome
PN1209,P02,B,Gear,11,EA,Silver
PN1210,P03,C,Bearing,12,EA,Zinc
PN1211,P01,A,Spring,13,EA,Steel
PN1212,P02,B,Grommet,14,EA,Black
PN1213,P03,C,Plug,15,EA,Gray
PN1214,P01,A,Cap,16,EA,Natural
PN1215,P02,B,Filter,17,EA,Brass
PN1216,P03,C,Valve,18,EA,Chrome
PN1217,P01,A,Bracket,19,EA,Silver
PN1218,P02,B,Bolt,20,EA,Zinc
PN1219,P03,C,Washer,21,EA,Steel
PN1220,P01,A,Nut,22,EA,Black
PN1221,P02,B,Screw,23,EA,Gray
PN1222,P03,C,Pin,24,EA,Natural
PN1223,P01,A,Clip,25,EA,Brass
PN1224,P02,B,Gasket,26,EA,Chrome
PN1225,P03,C,Seal,27,EA,Silver
PN1226,P01,A,Bushing,28,EA,Zinc
PN1227,P02,B,Spacer,29,EA,Steel
PN1228,P03,C,Shim,30,EA,Black
PN1229,P01,A,Plate,31,EA,Gray
PN1230,P02,B,Cover,32,EA,Natural
PN1231,P03,C,Housing,33,EA,Brass
PN1232,P01,A,Shaft,34,EA,Chrome
PN1233,P02,B,Gear,35,EA,Silver
PN1234,P03,C,Bearing,36,EA,Zinc
PN1235,P01,A,Spring,37,EA,Steel
PN1236,P02,B,Grommet,38,EA,Black
PN1237,P03,C,Plug,39,EA,Gray
PN1238,P01,A,Cap,40,EA,Natural
PN1239,P02,B,Filter,41,EA,Brass
PN1240,P03,C,Valve,42,EA,Chrome
PN1241,P01,A,Bracket,43,EA,Silver
PN1242,P02,B,Bolt,44,EA,Zinc
PN1243,P03,C,Washer,45,EA,Steel
PN1244,P01,A,Nut,46,EA,Black
PN1245,P02,B,Screw,47,EA,Gray
PN1246,P03,C,Pin,48,EA,Natural
PN1247,P01,A,Clip,49,EA,Brass
PN1248,P02,B,Gasket,50,EA,Chrome
PN1249,P03,C,Seal,51,EA,Silver
PN1250,P01,A,Bushing,52,EA,Zinc
PN1251,P02,B,Spacer,53,EA,Steel
PN1252,P03,C,Shim,54,EA,Black
PN1253,P01,A,Plate,55,EA,Gray
PN1254,P02,B,Cover,56,EA,Natural
PN1255,P03,C,Housing,57,EA,Brass
PN1256,P01,A,Shaft,58,EA,Chrome
PN1257,P02,B,Gear,59,EA,Silver
PN1258,P03,C,Bearing,60,EA,Zinc
PN1259,P01,A,Spring,61,EA,Steel
PN1260,P02,B,Grommet,62,EA,Black
PN1261,P03,C,Plug,63,EA,Gray
PN1262,P01,A,Cap,64,EA,Natural
PN1263,P02,B,Filter,65,EA,Brass
PN1264,P03,C,Valve,66,EA,Chrome
PN1265,P01,A,Bracket,67,EA,Silver
PN1266,P02,B,Bolt,68,EA,Zinc
PN1267,P03,C,Washer,69,EA,Steel
PN1268,P01,A,Nut,70,EA,Black
PN1269,P02,B,Screw,71,EA,Gray
PN1270,P03,C,Pin,72,EA,Natural
PN1271,P01,A,Clip,73,EA,Brass
PN1272,P02,B,Gasket,74,EA,Chrome
PN1273,P03,C,Seal,75,EA,Silver
PN1274,P01,A,Bushing,76,EA,Zinc
PN1275,P02,B,Spacer,77,EA,Steel
PN1276,P03,C,Shim,78,EA,Black
PN1277,P01,A,Plate,79,EA,Gray
PN1278,P02,B,Cover,80,EA,Natural
PN1279,P03,C,Housing,81,EA,Brass
PN1280,P01,A,Shaft,82,EA,Chrome
PN1281,P02,B,Gear,83,EA,Silver
PN1282,P03,C,Bearing,84,EA,Zinc
PN1283,P01,A,Spring,85,EA,Steel
PN1284,P02,B,Grommet,86,EA,Black
PN1285,P03,C,Plug,87,EA,Gray
PN1286,P01,A,Cap,88,EA,Natural
PN1287,P02,B,Filter,89,EA,Brass
PN1288,P03,C,Valve,90,EA,Chrome
PN1289,P01,A,Bracket,91,EA,Silver
PN1290,P02,B,Bolt,92,EA,Zinc
PN1291,P03,C,Washer,93,EA,Steel
PN1292,P01,A,Nut,94,EA,Black
PN1293,P02,B,Screw,95,EA,Gray
PN1294,P03,C,Pin,96,EA,Natural
PN1295,P01,A,Clip,97,EA,Brass
PN1296,P02,B,Gasket,98,EA,Chrome
PN1297,P03,C,Seal,99,EA,Silver
PN1298,P01,A,Bushing,1,EA,Zinc
PN1299,P02,B,Spacer,2,EA,Steel
PN1300,P03,C,Shim,3,EA,Black
PN1301,P01,A,Plate,5,EA,Gray
PN1302,P02,B,Cover,5,EA,Natural
PN1303,P03,C,Housing,6,EA,Brass
PN1304,P01,A,Shaft,7,EA,Chrome
PN1305,P02,B,Gear,8,EA,Silver
PN1306,P03,C,Bearing,9,EA,Zinc
PN1307,P01,A,Spring,10,EA,Steel
PN1308,P02,B,Grommet,11,EA,Black
PN1309,P03,C,Plug,12,EA,Gray
PN1310,P01,A,Cap,13,EA,Natural
PN1311,P02,B,Filter,14,EA,Brass
PN1312,P03,C,Valve,15,EA,Chrome
PN1313,P01,A,Bracket,16,EA,Silver
PN1314,P02,B,Bolt,17,EA,Zinc
PN1315,P03,C,Washer,18,EA,Steel
PN1316,P01,A,Nut,19,EA,Black
PN1317,P02,B,Screw,20,EA,Gray
PN1318,P03,C,Pin,21,EA,Natural
PN1319,P01,A,Clip,22,EA,Brass
PN1320,P02,B,Gasket,23,EA,Chrome
PN1321,P03,C,Seal,24,EA,Silver
PN1322,P01,A,Bushing,25,EA,Zinc
PN1323,P02,B,Spacer,26,EA,Steel
PN1324,P03,C,Shim,27,EA,Black
PN1325,P01,A,Plate,28,EA,Gray
PN1326,P02,B,Cover,29,EA,Natural
PN1327,P03,C,Housing,30,EA,Brass
PN1328,P01,A,Shaft,31,EA,Chrome
PN1329,P02,B,Gear,32,EA,Silver
PN1330,P03,C,Bearing,33,EA,Zinc
PN1331,P01,A,Spring,34,EA,Steel
PN1332,P02,B,Grommet,35,EA,Black
PN1333,P03,C,Plug,36,EA,Gray
PN1334,P01,A,Cap,37,EA,Natural
PN1335,P02,B,Filter,38,EA,Brass
PN1336,P03,C,Valve,39,EA,Chrome
PN1337,P01,A,Bracket,40,EA,Silver
PN1338,P02,B,Bolt,41,EA,Zinc
PN1339,P03,C,Washer,42,EA,Steel
PN1340,P01,A,Nut,43,EA,Black
PN1341,P02,B,Screw,44,EA,Gray
PN1342,P03,C,Pin,45,EA,Natural
PN1343,P01,A,Clip,46,EA,Brass
PN1344,P02,B,Gasket,47,EA,Chrome
PN1345,P03,C,Seal,48,EA,Silver
PN1346,P01,A,Bushing,49,EA,Zinc
PN1347,P02,B,Spacer,50,EA,Steel
PN1348,P03,C,Shim,51,EA,Black
PN1349,P01,A,Plate,52,EA,Gray
PN1350,P02,B,Cover,53,EA,Natural
PN1351,P03,C,Housing,54,EA,Brass
PN1352,P01,A,Shaft,55,EA,Chrome
PN1353,P02,B,Gear,56,EA,Silver
PN1354,P03,C,Bearing,57,EA,Zinc
PN1355,P01,A,Spring,58,EA,Steel
PN1356,P02,B,Grommet,59,EA,Black
PN1357,P03,C,Plug,60,EA,Gray
PN1358,P01,A,Cap,61,EA,Natural
PN1359,P02,B,Filter,62,EA,Brass
PN1360,P03,C,Valve,63,EA,Chrome
PN1361,P01,A,Bracket,64,EA,Silver
PN1362,P02,B,Bolt,65,EA,Zinc
PN1363,P03,C,Washer,66,EA,Steel
PN1364,P01,A,Nut,67,EA,Black
PN1365,P02,B,Screw,68,EA,Gray
PN1366,P03,C,Pin,69,EA,Natural
PN1367,P01,A,Clip,70,EA,Brass
PN1368,P02,B,Gasket,71,EA,Chrome
PN1369,P03,C,Seal,72,EA,Silver
PN1370,P01,A,Bushing,73,EA,Zinc
PN1371,P02,B,Spacer,74,EA,Steel
PN1372,P03,C,Shim,75,EA,Black
PN1373,P01,A,Plate,76,EA,Gray
PN1374,P02,B,Cover,77,EA,Natural
PN1375,P03,C,Housing,78,EA,Brass
PN1376,P01,A,Shaft,79,EA,Chrome
PN1377,P02,B,Gear,80,EA,Silver
PN1378,P03,C,Bearing,81,EA,Zinc
PN1379,P01,A,Spring,82,EA,Steel
PN1380,P02,B,Grommet,83,EA,Black
PN1381,P03,C,Plug,84,EA,Gray
PN1382,P01,A,Cap,85,EA,Natural
PN1383,P02,B,Filter,86,EA,Brass
PN1384,P03,C,Valve,87,EA,Chrome
PN1385,P01,A,Bracket,88,EA,Silver
PN1386,P02,B,Bolt,89,EA,Zinc
PN1387,P03,C,Washer,90,EA,Steel
PN1388,P01,A,Nut,91,EA,Black
PN1389,P02,B,Screw,92,EA,Gray
PN1390,P03,C,Pin,93,EA,Natural
PN1391,P01,A,Clip,94,EA,Brass
PN1392,P02,B,Gasket,95,EA,Chrome
PN1393,P03,C,Seal,96,EA,Silver
PN1394,P01,A,Bushing,97,EA,Zinc
PN1395,P02,B,Spacer,98,EA,Steel
PN1396,P03,C,Shim,99,EA,Black
PN1397,P01,A,Plate,1,EA,Gray
PN1398,P02,B,Cover,2,EA,Natural
PN1399,P03,C,Housing,3,EA,Brass
PN1400,P01,A,Shaft,4,EA,Chrome
PN1401,P02,B,Gear,5,EA,Silver
PN1402,P03,C,Bearing,6,EA,Zinc
PN1403,P01,A,Spring,7,EA,Steel
PN1404,P02,B,Grommet,8,EA,Black
PN1405,P03,C,Plug,9,EA,Gray
PN1406,P01,A,Cap,10,EA,Natural
PN1407,P02,B,Filter,11,EA,Brass
PN1408,P03,C,Valve,12,EA,Chrome
PN1409,P01,A,Bracket,13,EA,Silver
PN1410,P02,B,Bolt,14,EA,Zinc
PN1411,P03,C,Washer,15,EA,Steel
PN1412,P01,A,Nut,16,EA,Black
PN1413,P02,B,Screw,17,EA,Gray
PN1414,P03,C,Pin,18,EA,Natural
PN1415,P01,A,Clip,19,EA,Brass
PN1416,P02,B,Gasket,20,EA,Chrome
PN1417,P03,C,Seal,21,EA,Silver
PN1418,P01,A,Bushing,22,EA,Zinc
PN1419,P02,B,Spacer,23,EA,Steel
PN1420,P03,C,Shim,24,EA,Black
PN1421,P01,A,Plate,25,EA,Gray
PN1422,P02,B,Cover,26,EA,Natural
PN1423,P03,C,Housing,27,EA,Brass
PN1424,P01,A,Shaft,28,EA,Chrome
PN1425,P02,B,Gear,29,EA,Silver
PN1426,P03,C,Bearing,30,EA,Zinc
PN1427,P01,A,Spring,31,EA,Steel
PN1428,P02,B,Grommet,32,EA,Black
PN1429,P03,C,Plug,33,EA,Gray
PN1430,P01,A,Cap,34,EA,Natural
PN1431,P02,B,Filter,35,EA,Brass
PN1432,P03,C,Valve,36,EA,Chrome
PN1433,P01,A,Bracket,37,EA,Silver
PN1434,P02,B,Bolt,38,EA,Zinc
PN1435,P03,C,Washer,39,EA,Steel
PN1436,P01,A,Nut,40,EA,Black
PN1437,P02,B,Screw,41,EA,Gray
PN1438,P03,C,Pin,42,EA,Natural
PN1439,P01,A,Clip,43,EA,Brass
PN1440,P02,B,Gasket,44,EA,Chrome
PN1441,P03,C,Seal,45,EA,Silver
PN1442,P01,A,Bushing,46,EA,Zinc
PN1443,P02,B,Spacer,47,EA,Steel
PN1444,P03,C,Shim,48,EA,Black
PN1445,P01,A,Plate,49,EA,Gray
PN1446,P02,B,Cover,50,EA,Natural
PN1447,P03,C,Housing,51,EA,Brass
PN1448,P01,A,Shaft,52,EA,Chrome
PN1449,P02,B,Gear,53,EA,Silver
PN1450,P03,C,Bearing,54,EA,Zinc
PN1451,P01,A,Spring,55,EA,Steel
PN1452,P02,B,Grommet,56,EA,Black
PN1453,P03,C,Plug,57,EA,Gray
PN1454,P01,A,Cap,58,EA,Natural
PN1455,P02,B,Filter,59,EA,Brass
PN1456,P03,C,Valve,60,EA,Chrome
PN1457,P01,A,Bracket,61,EA,Silver
PN1458,P02,B,Bolt,62,EA,Zinc
PN1459,P03,C,Washer,63,EA,Steel
PN1460,P01,A,Nut,64,EA,Black
PN1461,P02,B,Screw,65,EA,Gray
PN1462,P03,C,Pin,66,EA,Natural
PN1463,P01,A,Clip,67,EA,Brass
PN1464,P02,B,Gasket,68,EA,Chrome
PN1465,P03,C,Seal,69,EA,Silver
PN1466,P01,A,Bushing,70,EA,Zinc
PN1467,P02,B,Spacer,71,EA,Steel
PN1468,P03,C,Shim,72,EA,Black
PN1469,P01,A,Plate,73,EA,Gray
PN1470,P02,B,Cover,74,EA,Natural
PN1471,P03,C,Housing,75,EA,Brass
PN1472,P01,A,Shaft,76,EA,Chrome
PN1473,P02,B,Gear,77,EA,Silver
PN1474,P03,C,Bearing,78,EA,Zinc
PN1475,P01,A,Spring,79,EA,Steel
PN1476,P02,B,Grommet,80,EA,Black
PN1477,P03,C,Plug,81,EA,Gray
PN1478,P01,A,Cap,82,EA,Natural
PN1479,P02,B,Filter,83,EA,Brass
PN1480,P03,C,Valve,84,EA,Chrome
PN1481,P01,A,Bracket,85,EA,Silver
PN1482,P02,B,Bolt,86,EA,Zinc
PN1483,P03,C,Washer,87,EA,Steel
PN1484,P01,A,Nut,88,EA,Black
PN1485,P02,B,Screw,89,EA,Gray
PN1486,P03,C,Pin,90,EA,Natural
PN1487,P01,A,Clip,91,EA,Brass
PN1488,P02,B,Gasket,92,EA,Chrome
PN1489,P03,C,Seal,93,EA,Silver
PN1490,P01,A,Bushing,94,EA,Zinc
PN1491,P02,B,Spacer,95,EA,Steel
PN1492,P03,C,Shim,96,EA,Black
PN1493,P01,A,Plate,97,EA,Gray
PN1494,P02,B,Cover,98,EA,Natural
PN1495,P03,C,Housing,99,EA,Brass
PN1496,P01,A,Shaft,1,EA,Chrome
PN1497,P02,B,Gear,2,EA,Silver
PN1498,P03,C,Bearing,3,EA,Zinc
PN1499,P01,A,Spring,4,EA,Steel
PN1500,P02,B,Grommet,5,EA,Black
PN1501,P03,C,Plug,7,EA,Gray
PN1502,P01,A,Cap,7,EA,Natural
PN1503,P02,B,Filter,8,EA,Brass
PN1504,P03,C,Valve,9,EA,Chrome
PN1505,P01,A,Bracket,10,EA,Silver
PN1506,P02,B,Bolt,11,EA,Zinc
PN1507,P03,C,Washer,12,EA,Steel
PN1508,P01,A,Nut,13,EA,Black
PN1509,P02,B,Screw,14,EA,Gray
PN1510,P03,C,Pin,15,EA,Natural
PN1511,P01,A,Clip,16,EA,Brass
PN1512,P02,B,Gasket,17,EA,Chrome
PN1513,P03,C,Seal,18,EA,Silver
PN1514,P01,A,Bushing,19,EA,Zinc
PN1515,P02,B,Spacer,20,EA,Steel
PN1516,P03,C,Shim,21,EA,Black
PN1517,P01,A,Plate,22,EA,Gray
PN1518,P02,B,Cover,23,EA,Natural
PN1519,P03,C,Housing,24,EA,Brass
PN1520,P01,A,Shaft,25,EA,Chrome
PN1521,P02,B,Gear,26,EA,Silver
PN1522,P03,C,Bearing,27,EA,Zinc
PN1523,P01,A,Spring,28,EA,Steel
PN1524,P02,B,Grommet,29,EA,Black
PN1525,P03,C,Plug,30,EA,Gray
PN1526,P01,A,Cap,31,EA,Natural
PN1527,P02,B,Filter,32,EA,Brass
PN1528,P03,C,Valve,33,EA,Chrome
PN1529,P01,A,Bracket,34,EA,Silver
PN1530,P02,B,Bolt,35,EA,Zinc
PN1531,P03,C,Washer,36,EA,Steel
PN1532,P01,A,Nut,37,EA,Black
PN1533,P02,B,Screw,38,EA,Gray
PN1534,P03,C,Pin,39,EA,Natural
PN1535,P01,A,Clip,40,EA,Brass
PN1536,P02,B,Gasket,41,EA,Chrome
PN1537,P03,C,Seal,42,EA,Silver
PN1538,P01,A,Bushing,43,EA,Zinc
PN1539,P02,B,Spacer,44,EA,Steel
PN1540,P03,C,Shim,45,EA,Black
PN1541,P01,A,Plate,46,EA,Gray
PN1542,P02,B,Cover,47,EA,Natural
PN1543,P03,C,Housing,48,EA,Brass
PN1544,P01,A,Shaft,49,EA,Chrome
PN1545,P02,B,Gear,50,EA,Silver
PN1546,P03,C,Bearing,51,EA,Zinc
PN1547,P01,A,Spring,52,EA,Steel
PN1548,P02,B,Grommet,53,EA,Black
PN1549,P03,C,Plug,54,EA,Gray
PN1550,P01,A,Cap,55,EA,Natural
PN1551,P02,B,Filter,56,EA,Brass
PN1552,P03,C,Valve,57,EA,Chrome
PN1553,P01,A,Bracket,58,EA,Silver
PN1554,P02,B,Bolt,59,EA,Zinc
PN1555,P03,C,Washer,60,EA,Steel
PN1556,P01,A,Nut,61,EA,Black
PN1557,P02,B,Screw,62,EA,Gray
PN1558,P03,C,Pin,63,EA,Natural
PN1559,P01,A,Clip,64,EA,Brass
PN1560,P02,B,Gasket,65,EA,Chrome
PN1561,P03,C,Seal,66,EA,Silver
PN1562,P01,A,Bushing,67,EA,Zinc
PN1563,P02,B,Spacer,68,EA,Steel
PN1564,P03,C,Shim,69,EA,Black
PN1565,P01,A,Plate,70,EA,Gray
PN1566,P02,B,Cover,71,EA,Natural
PN1567,P03,C,Housing,72,EA,Brass
PN1568,P01,A,Shaft,73,EA,Chrome
PN1569,P02,B,Gear,74,EA,Silver
PN1570,P03,C,Bearing,75,EA,Zinc
PN1571,P01,A,Spring,76,EA,Steel
PN1572,P02,B,Grommet,77,EA,Black
PN1573,P03,C,Plug,78,EA,Gray
PN1574,P01,A,Cap,79,EA,Natural
PN1575,P02,B,Filter,80,EA,Brass
PN1576,P03,C,Valve,81,EA,Chrome
PN1577,P01,A,Bracket,82,EA,Silver
PN1578,P02,B,Bolt,83,EA,Zinc
PN1579,P03,C,Washer,84,EA,Steel
PN1580,P01,A,Nut,85,EA,Black
PN1581,P02,B,Screw,86,EA,Gray
PN1582,P03,C,Pin,87,EA,Natural
PN1583,P01,A,Clip,88,EA,Brass
PN1584,P02,B,Gasket,89,EA,Chrome
PN1585,P03,C,Seal,90,EA,Silver
PN1586,P01,A,Bushing,91,EA,Zinc
PN1587,P02,B,Spacer,92,EA,Steel
PN1588,P03,C,Shim,93,EA,Black
PN1589,P01,A,Plate,94,EA,Gray
PN1590,P02,B,Cover,95,EA,Natural
PN1591,P03,C,Housing,96,EA,Brass
PN1592,P01,A,Shaft,97,EA,Chrome
PN1593,P02,B,Gear,98,EA,Silver
PN1594,P03,C,Bearing,99,EA,Zinc
PN1595,P01,A,Spring,1,EA,Steel
PN1596,P02,B,Grommet,2,EA,Black
PN1597,P03,C,Plug,3,EA,Gray
PN1598,P01,A,Cap,4,EA,Natural
PN1599,P02,B,Filter,5,EA,Brass
PN1600,P03,C,Valve,6,EA,Chrome
PN1601,P01,A,Bracket,7,EA,Silver
PN1602,P02,B,Bolt,8,EA,Zinc
PN1603,P03,C,Washer,9,EA,Steel
PN1604,P01,A,Nut,10,EA,Black
PN1605,P02,B,Screw,11,EA,Gray
PN1606,P03,C,Pin,12,EA,Natural
PN1607,P01,A,Clip,13,EA,Brass
PN1608,P02,B,Gasket,14,EA,Chrome
PN1609,P03,C,Seal,15,EA,Silver
PN1610,P01,A,Bushing,16,EA,Zinc
PN1611,P02,B,Spacer,17,EA,Steel
PN1612,P03,C,Shim,18,EA,Black
PN1613,P01,A,Plate,19,EA,Gray
PN1614,P02,B,Cover,20,EA,Natural
PN1615,P03,C,Housing,21,EA,Brass
PN1616,P01,A,Shaft,22,EA,Chrome
PN1617,P02,B,Gear,23,EA,Silver
PN1618,P03,C,Bearing,24,EA,Zinc
PN1619,P01,A,Spring,25,EA,Steel
PN1620,P02,B,Grommet,26,EA,Black
PN1621,P03,C,Plug,27,EA,Gray
PN1622,P01,A,Cap,28,EA,Natural
PN1623,P02,B,Filter,29,EA,Brass
PN1624,P03,C,Valve,30,EA,Chrome
PN1625,P01,A,Bracket,31,EA,Silver
PN1626,P02,B,Bolt,32,EA,Zinc
PN1627,P03,C,Washer,33,EA,Steel
PN1628,P01,A,Nut,34,EA,Black
PN1629,P02,B,Screw,35,EA,Gray
PN1630,P03,C,Pin,36,EA,Natural
PN1631,P01,A,Clip,37,EA,Brass
PN1632,P02,B,Gasket,38,EA,Chrome
PN1633,P03,C,Seal,39,EA,Silver
PN1634,P01,A,Bushing,40,EA,Zinc
PN1635,P02,B,Spacer,41,EA,Steel
PN1636,P03,C,Shim,42,EA,Black
PN1637,P01,A,Plate,43,EA,Gray
PN1638,P02,B,Cover,44,EA,Natural
PN1639,P03,C,Housing,45,EA,Brass
PN1640,P01,A,Shaft,46,EA,Chrome
PN1641,P02,B,Gear,47,EA,Silver
PN1642,P03,C,Bearing,48,EA,Zinc
PN1643,P01,A,Spring,49,EA,Steel
PN1644,P02,B,Grommet,50,EA,Black
PN1645,P03,C,Plug,51,EA,Gray
PN1646,P01,A,Cap,52,EA,Natural
PN1647,P02,B,Filter,53,EA,Brass
PN1648,P03,C,Valve,54,EA,Chrome
PN1649,P01,A,Bracket,55,EA,Silver
PN1650,P02,B,Bolt,56,EA,Zinc
PN1651,P03,C,Washer,57,EA,Steel
PN1652,P01,A,Nut,58,EA,Black
PN1653,P02,B,Screw,59,EA,Gray
PN1654,P03,C,Pin,60,EA,Natural
PN1655,P01,A,Clip,61,EA,Brass
PN1656,P02,B,Gasket,62,EA,Chrome
PN1657,P03,C,Seal,63,EA,Silver
PN1658,P01,A,Bushing,64,EA,Zinc
PN1659,P02,B,Spacer,65,EA,Steel
PN1660,P03,C,Shim,66,EA,Black
PN1661,P01,A,Plate,67,EA,Gray
PN1662,P02,B,Cover,68,EA,Natural
PN1663,P03,C,Housing,69,EA,Brass
PN1664,P01,A,Shaft,70,EA,Chrome
PN1665,P02,B,Gear,71,EA,Silver
PN1666,P03,C,Bearing,72,EA,Zinc
PN1667,P01,A,Spring,73,EA,Steel
PN1668,P02,B,Grommet,74,EA,Black
PN1669,P03,C,Plug,75,EA,Gray
PN1670,P01,A,Cap,76,EA,Natural
PN1671,P02,B,Filter,77,EA,Brass
PN1672,P03,C,Valve,78,EA,Chrome
PN1673,P01,A,Bracket,79,EA,Silver
PN1674,P02,B,Bolt,80,EA,Zinc
PN1675,P03,C,Washer,81,EA,Steel
PN1676,P01,A,Nut,82,EA,Black
PN1677,P02,B,Screw,83,EA,Gray
PN1678,P03,C,Pin,84,EA,Natural
PN1679,P01,A,Clip,85,EA,Brass
PN1680,P02,B,Gasket,86,EA,Chrome
PN1681,P03,C,Seal,87,EA,Silver
PN1682,P01,A,Bushing,88,EA,Zinc
PN1683,P02,B,Spacer,89,EA,Steel
PN1684,P03,C,Shim,90,EA,Black
PN1685,P01,A,Plate,91,EA,Gray
PN1686,P02,B,Cover,92,EA,Natural
PN1687,P03,C,Housing,93,EA,Brass
PN1688,P01,A,Shaft,94,EA,Chrome
PN1689,P02,B,Gear,95,EA,Silver
PN1690,P03,C,Bearing,96,EA,Zinc
PN1691,P01,A,Spring,97,EA,Steel
PN1692,P02,B,Grommet,98,EA,Black
PN1693,P03,C,Plug,99,EA,Gray
PN1694,P01,A,Cap,1,EA,Natural
PN1695,P02,B,Filter,2,EA,Brass
PN1696,P03,C,Valve,3,EA,Chrome
PN1697,P01,A,Bracket,4,EA,Silver
PN1698,P02,B,Bolt,5,EA,Zinc
PN1699,P03,C,Washer,6,EA,Steel
PN1700,P01,A,Nut,7,EA,Black
PN1701,P02,B,Screw,8,EA,Gray
PN1702,P03,C,Pin,9,EA,Natural
PN1703,P01,A,Clip,10,EA,Brass
PN1704,P02,B,Gasket,11,EA,Chrome
PN1705,P03,C,Seal,12,EA,Silver
PN1706,P01,A,Bushing,13,EA,Zinc
PN1707,P02,B,Spacer,14,EA,Steel
PN1708,P03,C,Shim,15,EA,Black
PN1709,P01,A,Plate,16,EA,Gray
PN1710,P02,B,Cover,17,EA,Natural
PN1711,P03,C,Housing,18,EA,Brass
PN1712,P01,A,Shaft,19,EA,Chrome
PN1713,P02,B,Gear,20,EA,Silver
PN1714,P03,C,Bearing,21,EA,Zinc
PN1715,P01,A,Spring,22,EA,Steel
PN1716,P02,B,Grommet,23,EA,Black
PN1717,P03,C,Plug,24,EA,Gray
PN1718,P01,A,Cap,25,EA,Natural
PN1719,P02,B,Filter,26,EA,Brass
PN1720,P03,C,Valve,27,EA,Chrome
PN1721,P01,A,Bracket,28,EA,Silver
PN1722,P02,B,Bolt,29,EA,Zinc
PN1723,P03,C,Washer,30,EA,Steel
PN1724,P01,A,Nut,31,EA,Black
PN1725,P02,B,Screw,32,EA,Gray
PN1726,P03,C,Pin,33,EA,Natural
PN1727,P01,A,Clip,34,EA,Brass
PN1728,P02,B,Gasket,35,EA,Chrome
PN1729,P03,C,Seal,36,EA,Silver
PN1730,P01,A,Bushing,37,EA,Zinc
PN1731,P02,B,Spacer,38,EA,Steel
PN1732,P03,C,Shim,39,EA,Black
PN1733,P01,A,Plate,40,EA,Gray
PN1734,P02,B,Cover,41,EA,Natural
PN1735,P03,C,Housing,42,EA,Brass
PN1736,P01,A,Shaft,43,EA,Chrome
PN1737,P02,B,Gear,44,EA,Silver
PN1738,P03,C,Bearing,45,EA,Zinc
PN1739,P01,A,Spring,46,EA,Steel
PN1740,P02,B,Grommet,47,EA,Black
PN1741,P03,C,Plug,48,EA,Gray
PN1742,P01,A,Cap,49,EA,Natural
PN1743,P02,B,Filter,50,EA,Brass
PN1744,P03,C,Valve,51,EA,Chrome
PN1745,P01,A,Bracket,52,EA,Silver
PN1746,P02,B,Bolt,53,EA,Zinc
PN1747,P03,C,Washer,54,EA,Steel
PN1748,P01,A,Nut,55,EA,Black
PN1749,P02,B,Screw,56,EA,Gray
PN1750,P03,C,Pin,57,EA,Natural
PN1751,P01,A,Clip,59,EA,Brass
PN1752,P02,B,Gasket,59,EA,Chrome
PN1753,P03,C,Seal,60,EA,Silver
PN1754,P01,A,Bushing,61,EA,Zinc
PN1755,P02,B,Spacer,62,EA,Steel
PN1756,P03,C,Shim,63,EA,Black
PN1757,P01,A,Plate,64,EA,Gray
PN1758,P02,B,Cover,65,EA,Natural
PN1759,P03,C,Housing,66,EA,Brass
PN1760,P01,A,Shaft,67,EA,Chrome
PN1761,P02,B,Gear,68,EA,Silver
PN1762,P03,C,Bearing,69,EA,Zinc
PN1763,P01,A,Spring,70,EA,Steel
PN1764,P02,B,Grommet,71,EA,Black
PN1765,P03,C,Plug,72,EA,Gray
PN1766,P01,A,Cap,73,EA,Natural
PN1767,P02,B,Filter,74,EA,Brass
PN1768,P03,C,Valve,75,EA,Chrome
PN1769,P01,A,Bracket,76,EA,Silver
PN1770,P02,B,Bolt,77,EA,Zinc
PN1771,P03,C,Washer,78,EA,Steel
PN1772,P01,A,Nut,79,EA,Black
PN1773,P02,B,Screw,80,EA,Gray
PN1774,P03,C,Pin,81,EA,Natural
PN1775,P01,A,Clip,82,EA,Brass
PN1776,P02,B,Gasket,83,EA,Chrome
PN1777,P03,C,Seal,84,EA,Silver
PN1778,P01,A,Bushing,85,EA,Zinc
PN1779,P02,B,Spacer,86,EA,Steel
PN1780,P03,C,Shim,87,EA,Black
PN1781,P01,A,Plate,88,EA,Gray
PN1782,P02,B,Cover,89,EA,Natural
PN1783,P03,C,Housing,90,EA,Brass
PN1784,P01,A,Shaft,91,EA,Chrome
PN1785,P02,B,Gear,92,EA,Silver
PN1786,P03,C,Bearing,93,EA,Zinc
PN1787,P01,A,Spring,94,EA,Steel
PN1788,P02,B,Grommet,95,EA,Black
PN1789,P03,C,Plug,96,EA,Gray
PN1790,P01,A,Cap,97,EA,Natural
PN1791,P02,B,Filter,98,EA,Brass
PN1792,P03,C,Valve,99,EA,Chrome
PN1793,P01,A,Bracket,1,EA,Silver
PN1794,P02,B,Bolt,2,EA,Zinc
PN1795,P03,C,Washer,3,EA,Steel
PN1796,P01,A,Nut,4,EA,Black
PN1797,P02,B,Screw,5,EA,Gray
PN1798,P03,C,Pin,6,EA,Natural
PN1799,P01,A,Clip,7,EA,Brass
PN1800,P02,B,Gasket,8,EA,Chrome
PN1801,P03,C,Seal,9,EA,Silver
PN1802,P01,A,Bushing,10,EA,Zinc
PN1803,P02,B,Spacer,11,EA,Steel
PN1804,P03,C,Shim,12,EA,Black
PN1805,P01,A,Plate,13,EA,Gray
PN1806,P02,B,Cover,14,EA,Natural
PN1807,P03,C,Housing,15,EA,Brass
PN1808,P01,A,Shaft,16,EA,Chrome
PN1809,P02,B,Gear,17,EA,Silver
PN1810,P03,C,Bearing,18,EA,Zinc
PN1811,P01,A,Spring,19,EA,Steel
PN1812,P02,B,Grommet,20,EA,Black
PN1813,P03,C,Plug,21,EA,Gray
PN1814,P01,A,Cap,22,EA,Natural
PN1815,P02,B,Filter,23,EA,Brass
PN1816,P03,C,Valve,24,EA,Chrome
PN1817,P01,A,Bracket,25,EA,Silver
PN1818,P02,B,Bolt,26,EA,Zinc
PN1819,P03,C,Washer,27,EA,Steel
PN1820,P01,A,Nut,28,EA,Black
PN1821,P02,B,Screw,29,EA,Gray
PN1822,P03,C,Pin,30,EA,Natural
PN1823,P01,A,Clip,31,EA,Brass
PN1824,P02,B,Gasket,32,EA,Chrome
PN1825,P03,C,Seal,33,EA,Silver
PN1826,P01,A,Bushing,34,EA,Zinc
PN1827,P02,B,Spacer,35,EA,Steel
PN1828,P03,C,Shim,36,EA,Black
PN1829,P01,A,Plate,37,EA,Gray
PN1830,P02,B,Cover,38,EA,Natural
PN1831,P03,C,Housing,39,EA,Brass
PN1832,P01,A,Shaft,40,EA,Chrome
PN1833,P02,B,Gear,41,EA,Silver
PN1834,P03,C,Bearing,42,EA,Zinc
PN1835,P01,A,Spring,43,EA,Steel
PN1836,P02,B,Grommet,44,EA,Black
PN1837,P03,C,Plug,45,EA,Gray
PN1838,P01,A,Cap,46,EA,Natural
PN1839,P02,B,Filter,47,EA,Brass
PN1840,P03,C,Valve,48,EA,Chrome
PN1841,P01,A,Bracket,49,EA,Silver
PN1842,P02,B,Bolt,50,EA,Zinc
PN1843,P03,C,Washer,51,EA,Steel
PN1844,P01,A,Nut,52,EA,Black
PN1845,P02,B,Screw,53,EA,Gray
PN1846,P03,C,Pin,54,EA,Natural
PN1847,P01,A,Clip,55,EA,Brass
PN1848,P02,B,Gasket,56,EA,Chrome
PN1849,P03,C,Seal,57,EA,Silver
PN1850,P01,A,Bushing,58,EA,Zinc
PN1851,P02,B,Spacer,59,EA,Steel
PN1852,P03,C,Shim,60,EA,Black
PN1853,P01,A,Plate,61,EA,Gray
PN1854,P02,B,Cover,62,EA,Natural
PN1855,P03,C,Housing,63,EA,Brass
PN1856,P01,A,Shaft,64,EA,Chrome
PN1857,P02,B,Gear,65,EA,Silver
PN1858,P03,C,Bearing,66,EA,Zinc
PN1859,P01,A,Spring,67,EA,Steel
PN1860,P02,B,Grommet,68,EA,Black
PN1861,P03,C,Plug,69,EA,Gray
PN1862,P01,A,Cap,70,EA,Natural
PN1863,P02,B,Filter,71,EA,Brass
PN1864,P03,C,Valve,72,EA,Chrome
PN1865,P01,A,Bracket,73,EA,Silver
PN1866,P02,B,Bolt,74,EA,Zinc
PN1867,P03,C,Washer,75,EA,Steel
PN1868,P01,A,Nut,76,EA,Black
PN1869,P02,B,Screw,77,EA,Gray
PN1870,P03,C,Pin,78,EA,Natural
PN1871,P01,A,Clip,79,EA,Brass
PN1872,P02,B,Gasket,80,EA,Chrome
PN1873,P03,C,Seal,81,EA,Silver
PN1874,P01,A,Bushing,82,EA,Zinc
PN1875,P02,B,Spacer,83,EA,Steel
PN1876,P03,C,Shim,84,EA,Black
PN1877,P01,A,Plate,85,EA,Gray
PN1878,P02,B,Cover,86,EA,Natural
PN1879,P03,C,Housing,87,EA,Brass
PN1880,P01,A,Shaft,88,EA,Chrome
PN1881,P02,B,Gear,89,EA,Silver
PN1882,P03,C,Bearing,90,EA,Zinc
PN1883,P01,A,Spring,91,EA,Steel
PN1884,P02,B,Grommet,92,EA,Black
PN1885,P03,C,Plug,93,EA,Gray
PN1886,P01,A,Cap,94,EA,Natural
PN1887,P02,B,Filter,95,EA,Brass
PN1888,P03,C,Valve,96,EA,Chrome
PN1889,P01,A,Bracket,97,EA,Silver
PN1890,P02,B,Bolt,98,EA,Zinc
PN1891,P03,C,Washer,99,EA,Steel
PN1892,P01,A,Nut,1,EA,Black
PN1893,P02,B,Screw,2,EA,Gray
PN1894,P03,C,Pin,3,EA,Natural
PN1895,P01,A,Clip,4,EA,Brass
PN1896,P02,B,Gasket,5,EA,Chrome
PN1897,P03,C,Seal,6,EA,Silver
PN1898,P01,A,Bushing,7,EA,Zinc
PN1899,P02,B,Spacer,8,EA,Steel
PN1900,P03,C,Shim,9,EA,Black
PN1901,P01,A,Plate,10,EA,Gray
PN1902,P02,B,Cover,11,EA,Natural
PN1903,P03,C,Housing,12,EA,Brass
PN1904,P01,A,Shaft,13,EA,Chrome
PN1905,P02,B,Gear,14,EA,Silver
PN1906,P03,C,Bearing,15,EA,Zinc
PN1907,P01,A,Spring,16,EA,Steel
PN1908,P02,B,Grommet,17,EA,Black
PN1909,P03,C,Plug,18,EA,Gray
PN1910,P01,A,Cap,19,EA,Natural
PN1911,P02,B,Filter,20,EA,Brass
PN1912,P03,C,Valve,21,EA,Chrome
PN1913,P01,A,Bracket,22,EA,Silver
PN1914,P02,B,Bolt,23,EA,Zinc
PN1915,P03,C,Washer,24,EA,Steel
PN1916,P01,A,Nut,25,EA,Black
PN1917,P02,B,Screw,26,EA,Gray
PN1918,P03,C,Pin,27,EA,Natural
PN1919,P01,A,Clip,28,EA,Brass
PN1920,P02,B,Gasket,29,EA,Chrome
PN1921,P03,C,Seal,30,EA,Silver
PN1922,P01,A,Bushing,31,EA,Zinc
PN1923,P02,B,Spacer,32,EA,Steel
PN1924,P03,C,Shim,33,EA,Black
PN1925,P01,A,Plate,34,EA,Gray
PN1926,P02,B,Cover,35,EA,Natural
PN1927,P03,C,Housing,36,EA,Brass
PN1928,P01,A,Shaft,37,EA,Chrome
PN1929,P02,B,Gear,38,EA,Silver
PN1930,P03,C,Bearing,39,EA,Zinc
PN1931,P01,A,Spring,40,EA,Steel
PN1932,P02,B,Grommet,41,EA,Black
PN1933,P03,C,Plug,42,EA,Gray
PN1934,P01,A,Cap,43,EA,Natural
PN1935,P02,B,Filter,44,EA,Brass
PN1936,P03,C,Valve,45,EA,Chrome
PN1937,P01,A,Bracket,46,EA,Silver
PN1938,P02,B,Bolt,47,EA,Zinc
PN1939,P03,C,Washer,48,EA,Steel
PN1940,P01,A,Nut,49,EA,Black
PN1941,P02,B,Screw,50,EA,Gray
PN1942,P03,C,Pin,51,EA,Natural
PN1943,P01,A,Clip,52,EA,Brass
PN1944,P02,B,Gasket,53,EA,Chrome
PN1945,P03,C,Seal,54,EA,Silver
PN1946,P01,A,Bushing,55,EA,Zinc
PN1947,P02,B,Spacer,56,EA,Steel
PN1948,P03,C,Shim,57,EA,Black
PN1949,P01,A,Plate,58,EA,Gray
PN1950,P02,B,Cover,59,EA,Natural
PN1951,P03,C,Housing,60,EA,Brass
PN1952,P01,A,Shaft,61,EA,Chrome
PN1953,P02,B,Gear,62,EA,Silver
PN1954,P03,C,Bearing,63,EA,Zinc
PN1955,P01,A,Spring,64,EA,Steel
PN1956,P02,B,Grommet,65,EA,Black
PN1957,P03,C,Plug,66,EA,Gray
PN1958,P01,A,Cap,67,EA,Natural
PN1959,P02,B,Filter,68,EA,Brass
PN1960,P03,C,Valve,69,EA,Chrome
PN1961,P01,A,Bracket,70,EA,Silver
PN1962,P02,B,Bolt,71,EA,Zinc
PN1963,P03,C,Washer,72,EA,Steel
PN1964,P01,A,Nut,73,EA,Black
PN1965,P02,B,Screw,74,EA,Gray
PN1966,P03,C,Pin,75,EA,Natural
PN1967,P01,A,Clip,76,EA,Brass
PN1968,P02,B,Gasket,77,EA,Chrome
PN1969,P03,C,Seal,78,EA,Silver
PN1970,P01,A,Bushing,79,EA,Zinc
PN1971,P02,B,Spacer,80,EA,Steel
PN1972,P03,C,Shim,81,EA,Black
PN1973,P01,A,Plate,82,EA,Gray
PN1974,P02,B,Cover,83,EA,Natural
PN1975,P03,C,Housing,84,EA,Brass
PN1976,P01,A,Shaft,85,EA,Chrome
PN1977,P02,B,Gear,86,EA,Silver
PN1978,P03,C,Bearing,87,EA,Zinc
PN1979,P01,A,Spring,88,EA,Steel
PN1980,P02,B,Grommet,89,EA,Black
PN1981,P03,C,Plug,90,EA,Gray
PN1982,P01,A,Cap,91,EA,Natural
PN1983,P02,B,Filter,92,EA,Brass
PN1984,P03,C,Valve,93,EA,Chrome
PN1985,P01,A,Bracket,94,EA,Silver
PN1986,P02,B,Bolt,95,EA,Zinc
PN1987,P03,C,Washer,96,EA,Steel
PN1988,P01,A,Nut,97,EA,Black
PN1989,P02,B,Screw,98,EA,Gray
PN1990,P03,C,Pin,99,EA,Natural
PN1991,P01,A,Clip,1,EA,Brass
PN1992,P02,B,Gasket,2,EA,Chrome
PN1993,P03,C,Seal,3,EA,Silver
PN1994,P01,A,Bushing,4,EA,Zinc
PN1995,P02,B,Spacer,5,EA,Steel
PN1996,P03,C,Shim,6,EA,Black
PN1997,P01,A,Plate,7,EA,Gray
PN1998,P02,B,Cover,8,EA,Natural
PN2001,P01,A,Bracket,1,EA,Silver
PN2002,P02,B,Bolt,2,EA,Zinc
